{
    "config_name": "develop",
    "jwt_config": {
        "secretKey": "itcast",
        "expiresIn": 86400
    },
    "upload_config": {
        "baseURL": "http://127.0.0.1:8080",
        "upload_ueditor": "uploads/ueditor",
        "simple_upload_redirect": "http://127.0.0.1/reload"
    },
    "db_config": {
        "protocol": "mysql",
        "host": "127.0.0.1",
        "database": "mydb",
        "user": "root",
        "password": "123456",
        "port": 3306
    }
}